ID,Category,Question
1,Cars,Name 3 holden models.
2,Cars,List 3 ford models.
3,Cars,Give 3 examples of japanese car brands.
4,Cars,Identify 3 european car brands.
5,Cars,Tell me 3 australian race tracks.
6,Cars,What are 3 v8 engines?
7,Cars,Name 3 luxury car brands.
8,Cars,List 3 electric vehicle brands.
9,Cars,Give 3 examples of classic muscle cars.
10,Cars,Identify 3 4wd brands.
11,Cars,Tell me 3 supercar manufacturers.
12,Cars,What are 3 dashboard warning lights?
13,Cars,Name 3 car colours.
14,Cars,List 3 car body styles.
15,Cars,Give 3 examples of ute models.
16,Cars,Identify 3 famous racing drivers.
17,Cars,Tell me 3 f1 teams.
18,Cars,What are 3 tyre brands?
19,Cars,Name 3 car parts.
20,Cars,List 3 car tools.
21,Cars,Give 3 examples of road signs.
22,Cars,Identify 3 car movies.
23,Cars,Tell me 3 convertibles.
24,Cars,What are 3 suv models?
25,Cars,Name 3 australian car manufacturers.
26,Cars,List 3 performance cars.
27,Cars,Give 3 examples of hybrid cars.
28,Cars,Identify 3 motorsport categories.
29,Cars,Tell me 3 car manufacturers beginning with m.
30,Cars,What are 3 things found in a glovebox?
31,Cars,List 3 holden models without thinking twice.
32,Cars,Give 3 examples of ford models without thinking twice.
33,Cars,Identify 3 japanese car brands without thinking twice.
34,Cars,Tell me 3 european car brands without thinking twice.
35,Cars,What are 3 australian race tracks without thinking twice.
36,Cars,Name 3 v8 engines without thinking twice.
37,Cars,List 3 luxury car brands without thinking twice.
38,Cars,Give 3 examples of electric vehicle brands without thinking twice.
39,Cars,Identify 3 classic muscle cars without thinking twice.
40,Cars,Tell me 3 4wd brands without thinking twice.
41,Cars,What are 3 supercar manufacturers without thinking twice.
42,Cars,Name 3 dashboard warning lights without thinking twice.
43,Cars,List 3 car colours without thinking twice.
44,Cars,Give 3 examples of car body styles without thinking twice.
45,Cars,Identify 3 ute models without thinking twice.
46,Cars,Tell me 3 famous racing drivers without thinking twice.
47,Cars,What are 3 f1 teams without thinking twice.
48,Cars,Name 3 tyre brands without thinking twice.
49,Cars,List 3 car parts without thinking twice.
50,Cars,Give 3 examples of car tools without thinking twice.
51,Cars,Identify 3 road signs without thinking twice.
52,Cars,Tell me 3 car movies without thinking twice.
53,Cars,What are 3 convertibles without thinking twice.
54,Cars,Name 3 suv models without thinking twice.
55,Cars,List 3 australian car manufacturers without thinking twice.
56,Cars,Give 3 examples of performance cars without thinking twice.
57,Cars,Identify 3 hybrid cars without thinking twice.
58,Cars,Tell me 3 motorsport categories without thinking twice.
59,Cars,What are 3 car manufacturers beginning with m without thinking twice.
60,Cars,Name 3 things found in a glovebox without thinking twice.
61,Cars,Give 3 examples of holden models you might see.
62,Cars,Identify 3 ford models you might see.
63,Cars,Tell me 3 japanese car brands you might see.
64,Cars,What are 3 european car brands you might see.
65,Cars,Name 3 australian race tracks you might see.
66,Cars,List 3 v8 engines you might see.
67,Cars,Give 3 examples of luxury car brands you might see.
68,Cars,Identify 3 electric vehicle brands you might see.
69,Cars,Tell me 3 classic muscle cars you might see.
70,Cars,What are 3 4wd brands you might see.
71,Cars,Name 3 supercar manufacturers you might see.
72,Cars,List 3 dashboard warning lights you might see.
73,Cars,Give 3 examples of car colours you might see.
74,Cars,Identify 3 car body styles you might see.
75,Cars,Tell me 3 ute models you might see.
76,Cars,What are 3 famous racing drivers you might see.
77,Cars,Name 3 f1 teams you might see.
78,Cars,List 3 tyre brands you might see.
79,Cars,Give 3 examples of car parts you might see.
80,Cars,Identify 3 car tools you might see.
81,Cars,Tell me 3 road signs you might see.
82,Cars,What are 3 car movies you might see.
83,Cars,Name 3 convertibles you might see.
84,Cars,List 3 suv models you might see.
85,Cars,Give 3 examples of australian car manufacturers you might see.
86,Cars,Identify 3 performance cars you might see.
87,Cars,Tell me 3 hybrid cars you might see.
88,Cars,What are 3 motorsport categories you might see.
89,Cars,Name 3 car manufacturers beginning with m you might see.
90,Cars,List 3 things found in a glovebox you might see.
91,Cars,Identify 3 holden models you'd recognise.
92,Cars,Tell me 3 ford models you'd recognise.
93,Cars,What are 3 japanese car brands you'd recognise.
94,Cars,Name 3 european car brands you'd recognise.
95,Cars,List 3 australian race tracks you'd recognise.
96,Cars,Give 3 examples of v8 engines you'd recognise.
97,Cars,Identify 3 luxury car brands you'd recognise.
98,Cars,Tell me 3 electric vehicle brands you'd recognise.
99,Cars,What are 3 classic muscle cars you'd recognise.
100,Cars,Name 3 4wd brands you'd recognise.
101,Cars,List 3 supercar manufacturers you'd recognise.
102,Cars,Give 3 examples of dashboard warning lights you'd recognise.
103,Cars,Identify 3 car colours you'd recognise.
104,Cars,Tell me 3 car body styles you'd recognise.
105,Cars,What are 3 ute models you'd recognise.
106,Cars,Name 3 famous racing drivers you'd recognise.
107,Cars,List 3 f1 teams you'd recognise.
108,Cars,Give 3 examples of tyre brands you'd recognise.
109,Cars,Identify 3 car parts you'd recognise.
110,Cars,Tell me 3 car tools you'd recognise.
111,Cars,What are 3 road signs you'd recognise.
112,Cars,Name 3 car movies you'd recognise.
113,Cars,List 3 convertibles you'd recognise.
114,Cars,Give 3 examples of suv models you'd recognise.
115,Cars,Identify 3 australian car manufacturers you'd recognise.
116,Cars,Tell me 3 performance cars you'd recognise.
117,Cars,What are 3 hybrid cars you'd recognise.
118,Cars,Name 3 motorsport categories you'd recognise.
119,Cars,List 3 car manufacturers beginning with m you'd recognise.
120,Cars,Give 3 examples of things found in a glovebox you'd recognise.
121,Cars,Tell me 3 holden models that are well known.
122,Cars,What are 3 ford models that are well known.
123,Cars,Name 3 japanese car brands that are well known.
124,Cars,List 3 european car brands that are well known.
125,Cars,Give 3 examples of australian race tracks that are well known.
126,Cars,Identify 3 v8 engines that are well known.
127,Cars,Tell me 3 luxury car brands that are well known.
128,Cars,What are 3 electric vehicle brands that are well known.
129,Cars,Name 3 classic muscle cars that are well known.
130,Cars,List 3 4wd brands that are well known.
131,Cars,Give 3 examples of supercar manufacturers that are well known.
132,Cars,Identify 3 dashboard warning lights that are well known.
133,Cars,Tell me 3 car colours that are well known.
134,Cars,What are 3 car body styles that are well known.
135,Cars,Name 3 ute models that are well known.
136,Cars,List 3 famous racing drivers that are well known.
137,Cars,Give 3 examples of f1 teams that are well known.
138,Cars,Identify 3 tyre brands that are well known.
139,Cars,Tell me 3 car parts that are well known.
140,Cars,What are 3 car tools that are well known.
141,Cars,Name 3 road signs that are well known.
142,Cars,List 3 car movies that are well known.
143,Cars,Give 3 examples of convertibles that are well known.
144,Cars,Identify 3 suv models that are well known.
145,Cars,Tell me 3 australian car manufacturers that are well known.
146,Cars,What are 3 performance cars that are well known.
147,Cars,Name 3 hybrid cars that are well known.
148,Cars,List 3 motorsport categories that are well known.
149,Cars,Give 3 examples of car manufacturers beginning with m that are well known.
150,Cars,Identify 3 things found in a glovebox that are well known.
151,Cars,What are 3 holden models from Australia.
152,Cars,Name 3 ford models from Australia.
153,Cars,List 3 japanese car brands from Australia.
154,Cars,Give 3 examples of european car brands from Australia.
155,Cars,Identify 3 australian race tracks from Australia.
156,Cars,Tell me 3 v8 engines from Australia.
157,Cars,What are 3 luxury car brands from Australia.
158,Cars,Name 3 electric vehicle brands from Australia.
159,Cars,List 3 classic muscle cars from Australia.
160,Cars,Give 3 examples of 4wd brands from Australia.
161,Cars,Identify 3 supercar manufacturers from Australia.
162,Cars,Tell me 3 dashboard warning lights from Australia.
163,Cars,What are 3 car colours from Australia.
164,Cars,Name 3 car body styles from Australia.
165,Cars,List 3 ute models from Australia.
166,Cars,Give 3 examples of famous racing drivers from Australia.
167,Cars,Identify 3 f1 teams from Australia.
168,Cars,Tell me 3 tyre brands from Australia.
169,Cars,What are 3 car parts from Australia.
170,Cars,Name 3 car tools from Australia.
171,Cars,List 3 road signs from Australia.
172,Cars,Give 3 examples of car movies from Australia.
173,Cars,Identify 3 convertibles from Australia.
174,Cars,Tell me 3 suv models from Australia.
175,Cars,What are 3 australian car manufacturers from Australia.
176,Cars,Name 3 performance cars from Australia.
177,Cars,List 3 hybrid cars from Australia.
178,Cars,Give 3 examples of motorsport categories from Australia.
179,Cars,Identify 3 car manufacturers beginning with m from Australia.
180,Cars,Tell me 3 things found in a glovebox from Australia.
181,Cars,Name 3 holden models from around the world.
182,Cars,List 3 ford models from around the world.
183,Cars,Give 3 examples of japanese car brands from around the world.
184,Cars,Identify 3 european car brands from around the world.
185,Cars,Tell me 3 australian race tracks from around the world.
186,Cars,What are 3 v8 engines from around the world.
187,Cars,Name 3 luxury car brands from around the world.
188,Cars,List 3 electric vehicle brands from around the world.
189,Cars,Give 3 examples of classic muscle cars from around the world.
190,Cars,Identify 3 4wd brands from around the world.
191,Cars,Tell me 3 supercar manufacturers from around the world.
192,Cars,What are 3 dashboard warning lights from around the world.
193,Cars,Name 3 car colours from around the world.
194,Cars,List 3 car body styles from around the world.
195,Cars,Give 3 examples of ute models from around the world.
196,Cars,Identify 3 famous racing drivers from around the world.
197,Cars,Tell me 3 f1 teams from around the world.
198,Cars,What are 3 tyre brands from around the world.
199,Cars,Name 3 car parts from around the world.
200,Cars,List 3 car tools from around the world.
201,Cars,Give 3 examples of road signs from around the world.
202,Cars,Identify 3 car movies from around the world.
203,Cars,Tell me 3 convertibles from around the world.
204,Cars,What are 3 suv models from around the world.
205,Cars,Name 3 australian car manufacturers from around the world.
206,Cars,List 3 performance cars from around the world.
207,Cars,Give 3 examples of hybrid cars from around the world.
208,Cars,Identify 3 motorsport categories from around the world.
209,Cars,Tell me 3 car manufacturers beginning with m from around the world.
210,Cars,What are 3 things found in a glovebox from around the world.
211,Cars,List 3 holden models commonly known.
212,Cars,Give 3 examples of ford models commonly known.
213,Cars,Identify 3 japanese car brands commonly known.
214,Cars,Tell me 3 european car brands commonly known.
215,Cars,What are 3 australian race tracks commonly known.
216,Cars,Name 3 v8 engines commonly known.
217,Cars,List 3 luxury car brands commonly known.
218,Cars,Give 3 examples of electric vehicle brands commonly known.
219,Cars,Identify 3 classic muscle cars commonly known.
220,Cars,Tell me 3 4wd brands commonly known.
221,Cars,What are 3 supercar manufacturers commonly known.
222,Cars,Name 3 dashboard warning lights commonly known.
223,Cars,List 3 car colours commonly known.
224,Cars,Give 3 examples of car body styles commonly known.
225,Cars,Identify 3 ute models commonly known.
226,Cars,Tell me 3 famous racing drivers commonly known.
227,Cars,What are 3 f1 teams commonly known.
228,Cars,Name 3 tyre brands commonly known.
229,Cars,List 3 car parts commonly known.
230,Cars,Give 3 examples of car tools commonly known.
231,Cars,Identify 3 road signs commonly known.
232,Cars,Tell me 3 car movies commonly known.
233,Cars,What are 3 convertibles commonly known.
234,Cars,Name 3 suv models commonly known.
235,Cars,List 3 australian car manufacturers commonly known.
236,Cars,Give 3 examples of performance cars commonly known.
237,Cars,Identify 3 hybrid cars commonly known.
238,Cars,Tell me 3 motorsport categories commonly known.
239,Cars,What are 3 car manufacturers beginning with m commonly known.
240,Cars,Name 3 things found in a glovebox commonly known.
241,Cars,Give 3 examples of holden models that enthusiasts know.
242,Cars,Identify 3 ford models that enthusiasts know.
243,Cars,Tell me 3 japanese car brands that enthusiasts know.
244,Cars,What are 3 european car brands that enthusiasts know.
245,Cars,Name 3 australian race tracks that enthusiasts know.
246,Cars,List 3 v8 engines that enthusiasts know.
247,Cars,Give 3 examples of luxury car brands that enthusiasts know.
248,Cars,Identify 3 electric vehicle brands that enthusiasts know.
249,Cars,Tell me 3 classic muscle cars that enthusiasts know.
250,Cars,What are 3 4wd brands that enthusiasts know.
251,Cars,Name 3 supercar manufacturers that enthusiasts know.
252,Cars,List 3 dashboard warning lights that enthusiasts know.
253,Cars,Give 3 examples of car colours that enthusiasts know.
254,Cars,Identify 3 car body styles that enthusiasts know.
255,Cars,Tell me 3 ute models that enthusiasts know.
256,Cars,What are 3 famous racing drivers that enthusiasts know.
257,Cars,Name 3 f1 teams that enthusiasts know.
258,Cars,List 3 tyre brands that enthusiasts know.
259,Cars,Give 3 examples of car parts that enthusiasts know.
260,Cars,Identify 3 car tools that enthusiasts know.
261,Cars,Tell me 3 road signs that enthusiasts know.
262,Cars,What are 3 car movies that enthusiasts know.
263,Cars,Name 3 convertibles that enthusiasts know.
264,Cars,List 3 suv models that enthusiasts know.
265,Cars,Give 3 examples of australian car manufacturers that enthusiasts know.
266,Cars,Identify 3 performance cars that enthusiasts know.
267,Cars,Tell me 3 hybrid cars that enthusiasts know.
268,Cars,What are 3 motorsport categories that enthusiasts know.
269,Cars,Name 3 car manufacturers beginning with m that enthusiasts know.
270,Cars,List 3 things found in a glovebox that enthusiasts know.
271,Cars,Identify 3 holden models worth knowing.
272,Cars,Tell me 3 ford models worth knowing.
273,Cars,What are 3 japanese car brands worth knowing.
274,Cars,Name 3 european car brands worth knowing.
275,Cars,List 3 australian race tracks worth knowing.
276,Cars,Give 3 examples of v8 engines worth knowing.
277,Cars,Identify 3 luxury car brands worth knowing.
278,Cars,Tell me 3 electric vehicle brands worth knowing.
279,Cars,What are 3 classic muscle cars worth knowing.
280,Cars,Name 3 4wd brands worth knowing.
281,Cars,List 3 supercar manufacturers worth knowing.
282,Cars,Give 3 examples of dashboard warning lights worth knowing.
283,Cars,Identify 3 car colours worth knowing.
284,Cars,Tell me 3 car body styles worth knowing.
285,Cars,What are 3 ute models worth knowing.
286,Cars,Name 3 famous racing drivers worth knowing.
287,Cars,List 3 f1 teams worth knowing.
288,Cars,Give 3 examples of tyre brands worth knowing.
289,Cars,Identify 3 car parts worth knowing.
290,Cars,Tell me 3 car tools worth knowing.
291,Cars,What are 3 road signs worth knowing.
292,Cars,Name 3 car movies worth knowing.
293,Cars,List 3 convertibles worth knowing.
294,Cars,Give 3 examples of suv models worth knowing.
295,Cars,Identify 3 australian car manufacturers worth knowing.
296,Cars,Tell me 3 performance cars worth knowing.
297,Cars,What are 3 hybrid cars worth knowing.
298,Cars,Name 3 motorsport categories worth knowing.
299,Cars,List 3 car manufacturers beginning with m worth knowing.
300,Cars,Give 3 examples of things found in a glovebox worth knowing.
301,Bikes,Name 3 motorcycle brands.
302,Bikes,List 3 harley-davidson models.
303,Bikes,Give 3 examples of dirt bike brands.
304,Bikes,Identify 3 motogp riders.
305,Bikes,Tell me 3 adventure bikes.
306,Bikes,What are 3 touring bikes?
307,Bikes,Name 3 sports bikes.
308,Bikes,List 3 bike safety gear.
309,Bikes,Give 3 examples of helmet brands.
310,Bikes,Identify 3 motorcycle parts.
311,Bikes,Tell me 3 bike tools.
312,Bikes,What are 3 motorcycle accessories?
313,Bikes,Name 3 bike tyres.
314,Bikes,List 3 cruiser motorcycles.
315,Bikes,Give 3 examples of australian motorcycle events.
316,Bikes,Identify 3 motocross riders.
317,Bikes,Tell me 3 bike maintenance jobs.
318,Bikes,What are 3 motorcycle clothing?
319,Bikes,Name 3 motorcycle engines.
320,Bikes,List 3 things found in a saddlebag.
321,Bikes,List 3 motorcycle brands without thinking twice.
322,Bikes,Give 3 examples of harley-davidson models without thinking twice.
323,Bikes,Identify 3 dirt bike brands without thinking twice.
324,Bikes,Tell me 3 motogp riders without thinking twice.
325,Bikes,What are 3 adventure bikes without thinking twice.
326,Bikes,Name 3 touring bikes without thinking twice.
327,Bikes,List 3 sports bikes without thinking twice.
328,Bikes,Give 3 examples of bike safety gear without thinking twice.
329,Bikes,Identify 3 helmet brands without thinking twice.
330,Bikes,Tell me 3 motorcycle parts without thinking twice.
331,Bikes,What are 3 bike tools without thinking twice.
332,Bikes,Name 3 motorcycle accessories without thinking twice.
333,Bikes,List 3 bike tyres without thinking twice.
334,Bikes,Give 3 examples of cruiser motorcycles without thinking twice.
335,Bikes,Identify 3 australian motorcycle events without thinking twice.
336,Bikes,Tell me 3 motocross riders without thinking twice.
337,Bikes,What are 3 bike maintenance jobs without thinking twice.
338,Bikes,Name 3 motorcycle clothing without thinking twice.
339,Bikes,List 3 motorcycle engines without thinking twice.
340,Bikes,Give 3 examples of things found in a saddlebag without thinking twice.
341,Bikes,Give 3 examples of motorcycle brands you might see.
342,Bikes,Identify 3 harley-davidson models you might see.
343,Bikes,Tell me 3 dirt bike brands you might see.
344,Bikes,What are 3 motogp riders you might see.
345,Bikes,Name 3 adventure bikes you might see.
346,Bikes,List 3 touring bikes you might see.
347,Bikes,Give 3 examples of sports bikes you might see.
348,Bikes,Identify 3 bike safety gear you might see.
349,Bikes,Tell me 3 helmet brands you might see.
350,Bikes,What are 3 motorcycle parts you might see.
351,Bikes,Name 3 bike tools you might see.
352,Bikes,List 3 motorcycle accessories you might see.
353,Bikes,Give 3 examples of bike tyres you might see.
354,Bikes,Identify 3 cruiser motorcycles you might see.
355,Bikes,Tell me 3 australian motorcycle events you might see.
356,Bikes,What are 3 motocross riders you might see.
357,Bikes,Name 3 bike maintenance jobs you might see.
358,Bikes,List 3 motorcycle clothing you might see.
359,Bikes,Give 3 examples of motorcycle engines you might see.
360,Bikes,Identify 3 things found in a saddlebag you might see.
361,Bikes,Identify 3 motorcycle brands you'd recognise.
362,Bikes,Tell me 3 harley-davidson models you'd recognise.
363,Bikes,What are 3 dirt bike brands you'd recognise.
364,Bikes,Name 3 motogp riders you'd recognise.
365,Bikes,List 3 adventure bikes you'd recognise.
366,Bikes,Give 3 examples of touring bikes you'd recognise.
367,Bikes,Identify 3 sports bikes you'd recognise.
368,Bikes,Tell me 3 bike safety gear you'd recognise.
369,Bikes,What are 3 helmet brands you'd recognise.
370,Bikes,Name 3 motorcycle parts you'd recognise.
371,Bikes,List 3 bike tools you'd recognise.
372,Bikes,Give 3 examples of motorcycle accessories you'd recognise.
373,Bikes,Identify 3 bike tyres you'd recognise.
374,Bikes,Tell me 3 cruiser motorcycles you'd recognise.
375,Bikes,What are 3 australian motorcycle events you'd recognise.
376,Bikes,Name 3 motocross riders you'd recognise.
377,Bikes,List 3 bike maintenance jobs you'd recognise.
378,Bikes,Give 3 examples of motorcycle clothing you'd recognise.
379,Bikes,Identify 3 motorcycle engines you'd recognise.
380,Bikes,Tell me 3 things found in a saddlebag you'd recognise.
381,Bikes,Tell me 3 motorcycle brands that are well known.
382,Bikes,What are 3 harley-davidson models that are well known.
383,Bikes,Name 3 dirt bike brands that are well known.
384,Bikes,List 3 motogp riders that are well known.
385,Bikes,Give 3 examples of adventure bikes that are well known.
386,Bikes,Identify 3 touring bikes that are well known.
387,Bikes,Tell me 3 sports bikes that are well known.
388,Bikes,What are 3 bike safety gear that are well known.
389,Bikes,Name 3 helmet brands that are well known.
390,Bikes,List 3 motorcycle parts that are well known.
391,Bikes,Give 3 examples of bike tools that are well known.
392,Bikes,Identify 3 motorcycle accessories that are well known.
393,Bikes,Tell me 3 bike tyres that are well known.
394,Bikes,What are 3 cruiser motorcycles that are well known.
395,Bikes,Name 3 australian motorcycle events that are well known.
396,Bikes,List 3 motocross riders that are well known.
397,Bikes,Give 3 examples of bike maintenance jobs that are well known.
398,Bikes,Identify 3 motorcycle clothing that are well known.
399,Bikes,Tell me 3 motorcycle engines that are well known.
400,Bikes,What are 3 things found in a saddlebag that are well known.
401,Bikes,What are 3 motorcycle brands from Australia.
402,Bikes,Name 3 harley-davidson models from Australia.
403,Bikes,List 3 dirt bike brands from Australia.
404,Bikes,Give 3 examples of motogp riders from Australia.
405,Bikes,Identify 3 adventure bikes from Australia.
406,Bikes,Tell me 3 touring bikes from Australia.
407,Bikes,What are 3 sports bikes from Australia.
408,Bikes,Name 3 bike safety gear from Australia.
409,Bikes,List 3 helmet brands from Australia.
410,Bikes,Give 3 examples of motorcycle parts from Australia.
411,Bikes,Identify 3 bike tools from Australia.
412,Bikes,Tell me 3 motorcycle accessories from Australia.
413,Bikes,What are 3 bike tyres from Australia.
414,Bikes,Name 3 cruiser motorcycles from Australia.
415,Bikes,List 3 australian motorcycle events from Australia.
416,Bikes,Give 3 examples of motocross riders from Australia.
417,Bikes,Identify 3 bike maintenance jobs from Australia.
418,Bikes,Tell me 3 motorcycle clothing from Australia.
419,Bikes,What are 3 motorcycle engines from Australia.
420,Bikes,Name 3 things found in a saddlebag from Australia.
421,Bikes,Name 3 motorcycle brands from around the world.
422,Bikes,List 3 harley-davidson models from around the world.
423,Bikes,Give 3 examples of dirt bike brands from around the world.
424,Bikes,Identify 3 motogp riders from around the world.
425,Bikes,Tell me 3 adventure bikes from around the world.
426,Bikes,What are 3 touring bikes from around the world.
427,Bikes,Name 3 sports bikes from around the world.
428,Bikes,List 3 bike safety gear from around the world.
429,Bikes,Give 3 examples of helmet brands from around the world.
430,Bikes,Identify 3 motorcycle parts from around the world.
431,Bikes,Tell me 3 bike tools from around the world.
432,Bikes,What are 3 motorcycle accessories from around the world.
433,Bikes,Name 3 bike tyres from around the world.
434,Bikes,List 3 cruiser motorcycles from around the world.
435,Bikes,Give 3 examples of australian motorcycle events from around the world.
436,Bikes,Identify 3 motocross riders from around the world.
437,Bikes,Tell me 3 bike maintenance jobs from around the world.
438,Bikes,What are 3 motorcycle clothing from around the world.
439,Bikes,Name 3 motorcycle engines from around the world.
440,Bikes,List 3 things found in a saddlebag from around the world.
441,Bikes,List 3 motorcycle brands commonly known.
442,Bikes,Give 3 examples of harley-davidson models commonly known.
443,Bikes,Identify 3 dirt bike brands commonly known.
444,Bikes,Tell me 3 motogp riders commonly known.
445,Bikes,What are 3 adventure bikes commonly known.
446,Bikes,Name 3 touring bikes commonly known.
447,Bikes,List 3 sports bikes commonly known.
448,Bikes,Give 3 examples of bike safety gear commonly known.
449,Bikes,Identify 3 helmet brands commonly known.
450,Bikes,Tell me 3 motorcycle parts commonly known.
451,Bikes,What are 3 bike tools commonly known.
452,Bikes,Name 3 motorcycle accessories commonly known.
453,Bikes,List 3 bike tyres commonly known.
454,Bikes,Give 3 examples of cruiser motorcycles commonly known.
455,Bikes,Identify 3 australian motorcycle events commonly known.
456,Bikes,Tell me 3 motocross riders commonly known.
457,Bikes,What are 3 bike maintenance jobs commonly known.
458,Bikes,Name 3 motorcycle clothing commonly known.
459,Bikes,List 3 motorcycle engines commonly known.
460,Bikes,Give 3 examples of things found in a saddlebag commonly known.
461,Bikes,Give 3 examples of motorcycle brands that enthusiasts know.
462,Bikes,Identify 3 harley-davidson models that enthusiasts know.
463,Bikes,Tell me 3 dirt bike brands that enthusiasts know.
464,Bikes,What are 3 motogp riders that enthusiasts know.
465,Bikes,Name 3 adventure bikes that enthusiasts know.
466,Bikes,List 3 touring bikes that enthusiasts know.
467,Bikes,Give 3 examples of sports bikes that enthusiasts know.
468,Bikes,Identify 3 bike safety gear that enthusiasts know.
469,Bikes,Tell me 3 helmet brands that enthusiasts know.
470,Bikes,What are 3 motorcycle parts that enthusiasts know.
471,Bikes,Name 3 bike tools that enthusiasts know.
472,Bikes,List 3 motorcycle accessories that enthusiasts know.
473,Bikes,Give 3 examples of bike tyres that enthusiasts know.
474,Bikes,Identify 3 cruiser motorcycles that enthusiasts know.
475,Bikes,Tell me 3 australian motorcycle events that enthusiasts know.
476,Bikes,What are 3 motocross riders that enthusiasts know.
477,Bikes,Name 3 bike maintenance jobs that enthusiasts know.
478,Bikes,List 3 motorcycle clothing that enthusiasts know.
479,Bikes,Give 3 examples of motorcycle engines that enthusiasts know.
480,Bikes,Identify 3 things found in a saddlebag that enthusiasts know.
481,Bikes,Identify 3 motorcycle brands worth knowing.
482,Bikes,Tell me 3 harley-davidson models worth knowing.
483,Bikes,What are 3 dirt bike brands worth knowing.
484,Bikes,Name 3 motogp riders worth knowing.
485,Bikes,List 3 adventure bikes worth knowing.
486,Bikes,Give 3 examples of touring bikes worth knowing.
487,Bikes,Identify 3 sports bikes worth knowing.
488,Bikes,Tell me 3 bike safety gear worth knowing.
489,Bikes,What are 3 helmet brands worth knowing.
490,Bikes,Name 3 motorcycle parts worth knowing.
491,Bikes,List 3 bike tools worth knowing.
492,Bikes,Give 3 examples of motorcycle accessories worth knowing.
493,Bikes,Identify 3 bike tyres worth knowing.
494,Bikes,Tell me 3 cruiser motorcycles worth knowing.
495,Bikes,What are 3 australian motorcycle events worth knowing.
496,Bikes,Name 3 motocross riders worth knowing.
497,Bikes,List 3 bike maintenance jobs worth knowing.
498,Bikes,Give 3 examples of motorcycle clothing worth knowing.
499,Bikes,Identify 3 motorcycle engines worth knowing.
500,Bikes,Tell me 3 things found in a saddlebag worth knowing.
501,Beers,Name 3 australian beers.
502,Beers,List 3 imported beers.
503,Beers,Give 3 examples of craft beers.
504,Beers,Identify 3 beer styles.
505,Beers,Tell me 3 breweries.
506,Beers,What are 3 beer ingredients?
507,Beers,Name 3 beer glasses.
508,Beers,List 3 lagers.
509,Beers,Give 3 examples of pale ales.
510,Beers,Identify 3 stouts.
511,Beers,Tell me 3 beer festivals.
512,Beers,What are 3 beer countries?
513,Beers,Name 3 tap beers.
514,Beers,List 3 beer snacks.
515,Beers,Give 3 examples of dark beers.
516,Beers,Identify 3 low alcohol beers.
517,Beers,Tell me 3 beer brands.
518,Beers,What are 3 pub games?
519,Beers,Name 3 things found behind a bar.
520,Beers,List 3 beer regions.
521,Beers,List 3 australian beers without thinking twice.
522,Beers,Give 3 examples of imported beers without thinking twice.
523,Beers,Identify 3 craft beers without thinking twice.
524,Beers,Tell me 3 beer styles without thinking twice.
525,Beers,What are 3 breweries without thinking twice.
526,Beers,Name 3 beer ingredients without thinking twice.
527,Beers,List 3 beer glasses without thinking twice.
528,Beers,Give 3 examples of lagers without thinking twice.
529,Beers,Identify 3 pale ales without thinking twice.
530,Beers,Tell me 3 stouts without thinking twice.
531,Beers,What are 3 beer festivals without thinking twice.
532,Beers,Name 3 beer countries without thinking twice.
533,Beers,List 3 tap beers without thinking twice.
534,Beers,Give 3 examples of beer snacks without thinking twice.
535,Beers,Identify 3 dark beers without thinking twice.
536,Beers,Tell me 3 low alcohol beers without thinking twice.
537,Beers,What are 3 beer brands without thinking twice.
538,Beers,Name 3 pub games without thinking twice.
539,Beers,List 3 things found behind a bar without thinking twice.
540,Beers,Give 3 examples of beer regions without thinking twice.
541,Beers,Give 3 examples of australian beers you might see.
542,Beers,Identify 3 imported beers you might see.
543,Beers,Tell me 3 craft beers you might see.
544,Beers,What are 3 beer styles you might see.
545,Beers,Name 3 breweries you might see.
546,Beers,List 3 beer ingredients you might see.
547,Beers,Give 3 examples of beer glasses you might see.
548,Beers,Identify 3 lagers you might see.
549,Beers,Tell me 3 pale ales you might see.
550,Beers,What are 3 stouts you might see.
551,Beers,Name 3 beer festivals you might see.
552,Beers,List 3 beer countries you might see.
553,Beers,Give 3 examples of tap beers you might see.
554,Beers,Identify 3 beer snacks you might see.
555,Beers,Tell me 3 dark beers you might see.
556,Beers,What are 3 low alcohol beers you might see.
557,Beers,Name 3 beer brands you might see.
558,Beers,List 3 pub games you might see.
559,Beers,Give 3 examples of things found behind a bar you might see.
560,Beers,Identify 3 beer regions you might see.
561,Beers,Identify 3 australian beers you'd recognise.
562,Beers,Tell me 3 imported beers you'd recognise.
563,Beers,What are 3 craft beers you'd recognise.
564,Beers,Name 3 beer styles you'd recognise.
565,Beers,List 3 breweries you'd recognise.
566,Beers,Give 3 examples of beer ingredients you'd recognise.
567,Beers,Identify 3 beer glasses you'd recognise.
568,Beers,Tell me 3 lagers you'd recognise.
569,Beers,What are 3 pale ales you'd recognise.
570,Beers,Name 3 stouts you'd recognise.
571,Beers,List 3 beer festivals you'd recognise.
572,Beers,Give 3 examples of beer countries you'd recognise.
573,Beers,Identify 3 tap beers you'd recognise.
574,Beers,Tell me 3 beer snacks you'd recognise.
575,Beers,What are 3 dark beers you'd recognise.
576,Beers,Name 3 low alcohol beers you'd recognise.
577,Beers,List 3 beer brands you'd recognise.
578,Beers,Give 3 examples of pub games you'd recognise.
579,Beers,Identify 3 things found behind a bar you'd recognise.
580,Beers,Tell me 3 beer regions you'd recognise.
581,Beers,Tell me 3 australian beers that are well known.
582,Beers,What are 3 imported beers that are well known.
583,Beers,Name 3 craft beers that are well known.
584,Beers,List 3 beer styles that are well known.
585,Beers,Give 3 examples of breweries that are well known.
586,Beers,Identify 3 beer ingredients that are well known.
587,Beers,Tell me 3 beer glasses that are well known.
588,Beers,What are 3 lagers that are well known.
589,Beers,Name 3 pale ales that are well known.
590,Beers,List 3 stouts that are well known.
591,Beers,Give 3 examples of beer festivals that are well known.
592,Beers,Identify 3 beer countries that are well known.
593,Beers,Tell me 3 tap beers that are well known.
594,Beers,What are 3 beer snacks that are well known.
595,Beers,Name 3 dark beers that are well known.
596,Beers,List 3 low alcohol beers that are well known.
597,Beers,Give 3 examples of beer brands that are well known.
598,Beers,Identify 3 pub games that are well known.
599,Beers,Tell me 3 things found behind a bar that are well known.
600,Beers,What are 3 beer regions that are well known.
601,Beers,What are 3 australian beers from Australia.
602,Beers,Name 3 imported beers from Australia.
603,Beers,List 3 craft beers from Australia.
604,Beers,Give 3 examples of beer styles from Australia.
605,Beers,Identify 3 breweries from Australia.
606,Beers,Tell me 3 beer ingredients from Australia.
607,Beers,What are 3 beer glasses from Australia.
608,Beers,Name 3 lagers from Australia.
609,Beers,List 3 pale ales from Australia.
610,Beers,Give 3 examples of stouts from Australia.
611,Beers,Identify 3 beer festivals from Australia.
612,Beers,Tell me 3 beer countries from Australia.
613,Beers,What are 3 tap beers from Australia.
614,Beers,Name 3 beer snacks from Australia.
615,Beers,List 3 dark beers from Australia.
616,Beers,Give 3 examples of low alcohol beers from Australia.
617,Beers,Identify 3 beer brands from Australia.
618,Beers,Tell me 3 pub games from Australia.
619,Beers,What are 3 things found behind a bar from Australia.
620,Beers,Name 3 beer regions from Australia.
621,Beers,Name 3 australian beers from around the world.
622,Beers,List 3 imported beers from around the world.
623,Beers,Give 3 examples of craft beers from around the world.
624,Beers,Identify 3 beer styles from around the world.
625,Beers,Tell me 3 breweries from around the world.
626,Beers,What are 3 beer ingredients from around the world.
627,Beers,Name 3 beer glasses from around the world.
628,Beers,List 3 lagers from around the world.
629,Beers,Give 3 examples of pale ales from around the world.
630,Beers,Identify 3 stouts from around the world.
631,Beers,Tell me 3 beer festivals from around the world.
632,Beers,What are 3 beer countries from around the world.
633,Beers,Name 3 tap beers from around the world.
634,Beers,List 3 beer snacks from around the world.
635,Beers,Give 3 examples of dark beers from around the world.
636,Beers,Identify 3 low alcohol beers from around the world.
637,Beers,Tell me 3 beer brands from around the world.
638,Beers,What are 3 pub games from around the world.
639,Beers,Name 3 things found behind a bar from around the world.
640,Beers,List 3 beer regions from around the world.
641,Beers,List 3 australian beers commonly known.
642,Beers,Give 3 examples of imported beers commonly known.
643,Beers,Identify 3 craft beers commonly known.
644,Beers,Tell me 3 beer styles commonly known.
645,Beers,What are 3 breweries commonly known.
646,Beers,Name 3 beer ingredients commonly known.
647,Beers,List 3 beer glasses commonly known.
648,Beers,Give 3 examples of lagers commonly known.
649,Beers,Identify 3 pale ales commonly known.
650,Beers,Tell me 3 stouts commonly known.
651,Beers,What are 3 beer festivals commonly known.
652,Beers,Name 3 beer countries commonly known.
653,Beers,List 3 tap beers commonly known.
654,Beers,Give 3 examples of beer snacks commonly known.
655,Beers,Identify 3 dark beers commonly known.
656,Beers,Tell me 3 low alcohol beers commonly known.
657,Beers,What are 3 beer brands commonly known.
658,Beers,Name 3 pub games commonly known.
659,Beers,List 3 things found behind a bar commonly known.
660,Beers,Give 3 examples of beer regions commonly known.
661,Beers,Give 3 examples of australian beers that enthusiasts know.
662,Beers,Identify 3 imported beers that enthusiasts know.
663,Beers,Tell me 3 craft beers that enthusiasts know.
664,Beers,What are 3 beer styles that enthusiasts know.
665,Beers,Name 3 breweries that enthusiasts know.
666,Beers,List 3 beer ingredients that enthusiasts know.
667,Beers,Give 3 examples of beer glasses that enthusiasts know.
668,Beers,Identify 3 lagers that enthusiasts know.
669,Beers,Tell me 3 pale ales that enthusiasts know.
670,Beers,What are 3 stouts that enthusiasts know.
671,Beers,Name 3 beer festivals that enthusiasts know.
672,Beers,List 3 beer countries that enthusiasts know.
673,Beers,Give 3 examples of tap beers that enthusiasts know.
674,Beers,Identify 3 beer snacks that enthusiasts know.
675,Beers,Tell me 3 dark beers that enthusiasts know.
676,Beers,What are 3 low alcohol beers that enthusiasts know.
677,Beers,Name 3 beer brands that enthusiasts know.
678,Beers,List 3 pub games that enthusiasts know.
679,Beers,Give 3 examples of things found behind a bar that enthusiasts know.
680,Beers,Identify 3 beer regions that enthusiasts know.
681,Beers,Identify 3 australian beers worth knowing.
682,Beers,Tell me 3 imported beers worth knowing.
683,Beers,What are 3 craft beers worth knowing.
684,Beers,Name 3 beer styles worth knowing.
685,Beers,List 3 breweries worth knowing.
686,Beers,Give 3 examples of beer ingredients worth knowing.
687,Beers,Identify 3 beer glasses worth knowing.
688,Beers,Tell me 3 lagers worth knowing.
689,Beers,What are 3 pale ales worth knowing.
690,Beers,Name 3 stouts worth knowing.
691,Beers,List 3 beer festivals worth knowing.
692,Beers,Give 3 examples of beer countries worth knowing.
693,Beers,Identify 3 tap beers worth knowing.
694,Beers,Tell me 3 beer snacks worth knowing.
695,Beers,What are 3 dark beers worth knowing.
696,Beers,Name 3 low alcohol beers worth knowing.
697,Beers,List 3 beer brands worth knowing.
698,Beers,Give 3 examples of pub games worth knowing.
699,Beers,Identify 3 things found behind a bar worth knowing.
700,Beers,Tell me 3 beer regions worth knowing.
701,Bands,Name 3 australian rock bands.
702,Bands,List 3 classic rock bands.
703,Bands,Give 3 examples of heavy metal bands.
704,Bands,Identify 3 80s bands.
705,Bands,Tell me 3 90s bands.
706,Bands,What are 3 beatles songs?
707,Bands,Name 3 ac/dc songs.
708,Bands,List 3 famous drummers.
709,Bands,Give 3 examples of lead singers.
710,Bands,Identify 3 bass players.
711,Bands,Tell me 3 guitarists.
712,Bands,What are 3 music festivals?
713,Bands,Name 3 country bands.
714,Bands,List 3 pop bands.
715,Bands,Give 3 examples of punk bands.
716,Bands,Identify 3 grunge bands.
717,Bands,Tell me 3 albums.
718,Bands,What are 3 live venues?
719,Bands,Name 3 one-word band names.
720,Bands,List 3 bands beginning with b.
721,Bands,List 3 australian rock bands without thinking twice.
722,Bands,Give 3 examples of classic rock bands without thinking twice.
723,Bands,Identify 3 heavy metal bands without thinking twice.
724,Bands,Tell me 3 80s bands without thinking twice.
725,Bands,What are 3 90s bands without thinking twice.
726,Bands,Name 3 beatles songs without thinking twice.
727,Bands,List 3 ac/dc songs without thinking twice.
728,Bands,Give 3 examples of famous drummers without thinking twice.
729,Bands,Identify 3 lead singers without thinking twice.
730,Bands,Tell me 3 bass players without thinking twice.
731,Bands,What are 3 guitarists without thinking twice.
732,Bands,Name 3 music festivals without thinking twice.
733,Bands,List 3 country bands without thinking twice.
734,Bands,Give 3 examples of pop bands without thinking twice.
735,Bands,Identify 3 punk bands without thinking twice.
736,Bands,Tell me 3 grunge bands without thinking twice.
737,Bands,What are 3 albums without thinking twice.
738,Bands,Name 3 live venues without thinking twice.
739,Bands,List 3 one-word band names without thinking twice.
740,Bands,Give 3 examples of bands beginning with b without thinking twice.
741,Bands,Give 3 examples of australian rock bands you might see.
742,Bands,Identify 3 classic rock bands you might see.
743,Bands,Tell me 3 heavy metal bands you might see.
744,Bands,What are 3 80s bands you might see.
745,Bands,Name 3 90s bands you might see.
746,Bands,List 3 beatles songs you might see.
747,Bands,Give 3 examples of ac/dc songs you might see.
748,Bands,Identify 3 famous drummers you might see.
749,Bands,Tell me 3 lead singers you might see.
750,Bands,What are 3 bass players you might see.
751,Bands,Name 3 guitarists you might see.
752,Bands,List 3 music festivals you might see.
753,Bands,Give 3 examples of country bands you might see.
754,Bands,Identify 3 pop bands you might see.
755,Bands,Tell me 3 punk bands you might see.
756,Bands,What are 3 grunge bands you might see.
757,Bands,Name 3 albums you might see.
758,Bands,List 3 live venues you might see.
759,Bands,Give 3 examples of one-word band names you might see.
760,Bands,Identify 3 bands beginning with b you might see.
761,Bands,Identify 3 australian rock bands you'd recognise.
762,Bands,Tell me 3 classic rock bands you'd recognise.
763,Bands,What are 3 heavy metal bands you'd recognise.
764,Bands,Name 3 80s bands you'd recognise.
765,Bands,List 3 90s bands you'd recognise.
766,Bands,Give 3 examples of beatles songs you'd recognise.
767,Bands,Identify 3 ac/dc songs you'd recognise.
768,Bands,Tell me 3 famous drummers you'd recognise.
769,Bands,What are 3 lead singers you'd recognise.
770,Bands,Name 3 bass players you'd recognise.
771,Bands,List 3 guitarists you'd recognise.
772,Bands,Give 3 examples of music festivals you'd recognise.
773,Bands,Identify 3 country bands you'd recognise.
774,Bands,Tell me 3 pop bands you'd recognise.
775,Bands,What are 3 punk bands you'd recognise.
776,Bands,Name 3 grunge bands you'd recognise.
777,Bands,List 3 albums you'd recognise.
778,Bands,Give 3 examples of live venues you'd recognise.
779,Bands,Identify 3 one-word band names you'd recognise.
780,Bands,Tell me 3 bands beginning with b you'd recognise.
781,Bands,Tell me 3 australian rock bands that are well known.
782,Bands,What are 3 classic rock bands that are well known.
783,Bands,Name 3 heavy metal bands that are well known.
784,Bands,List 3 80s bands that are well known.
785,Bands,Give 3 examples of 90s bands that are well known.
786,Bands,Identify 3 beatles songs that are well known.
787,Bands,Tell me 3 ac/dc songs that are well known.
788,Bands,What are 3 famous drummers that are well known.
789,Bands,Name 3 lead singers that are well known.
790,Bands,List 3 bass players that are well known.
791,Bands,Give 3 examples of guitarists that are well known.
792,Bands,Identify 3 music festivals that are well known.
793,Bands,Tell me 3 country bands that are well known.
794,Bands,What are 3 pop bands that are well known.
795,Bands,Name 3 punk bands that are well known.
796,Bands,List 3 grunge bands that are well known.
797,Bands,Give 3 examples of albums that are well known.
798,Bands,Identify 3 live venues that are well known.
799,Bands,Tell me 3 one-word band names that are well known.
800,Bands,What are 3 bands beginning with b that are well known.
801,Bands,What are 3 australian rock bands from Australia.
802,Bands,Name 3 classic rock bands from Australia.
803,Bands,List 3 heavy metal bands from Australia.
804,Bands,Give 3 examples of 80s bands from Australia.
805,Bands,Identify 3 90s bands from Australia.
806,Bands,Tell me 3 beatles songs from Australia.
807,Bands,What are 3 ac/dc songs from Australia.
808,Bands,Name 3 famous drummers from Australia.
809,Bands,List 3 lead singers from Australia.
810,Bands,Give 3 examples of bass players from Australia.
811,Bands,Identify 3 guitarists from Australia.
812,Bands,Tell me 3 music festivals from Australia.
813,Bands,What are 3 country bands from Australia.
814,Bands,Name 3 pop bands from Australia.
815,Bands,List 3 punk bands from Australia.
816,Bands,Give 3 examples of grunge bands from Australia.
817,Bands,Identify 3 albums from Australia.
818,Bands,Tell me 3 live venues from Australia.
819,Bands,What are 3 one-word band names from Australia.
820,Bands,Name 3 bands beginning with b from Australia.
821,Bands,Name 3 australian rock bands from around the world.
822,Bands,List 3 classic rock bands from around the world.
823,Bands,Give 3 examples of heavy metal bands from around the world.
824,Bands,Identify 3 80s bands from around the world.
825,Bands,Tell me 3 90s bands from around the world.
826,Bands,What are 3 beatles songs from around the world.
827,Bands,Name 3 ac/dc songs from around the world.
828,Bands,List 3 famous drummers from around the world.
829,Bands,Give 3 examples of lead singers from around the world.
830,Bands,Identify 3 bass players from around the world.
831,Bands,Tell me 3 guitarists from around the world.
832,Bands,What are 3 music festivals from around the world.
833,Bands,Name 3 country bands from around the world.
834,Bands,List 3 pop bands from around the world.
835,Bands,Give 3 examples of punk bands from around the world.
836,Bands,Identify 3 grunge bands from around the world.
837,Bands,Tell me 3 albums from around the world.
838,Bands,What are 3 live venues from around the world.
839,Bands,Name 3 one-word band names from around the world.
840,Bands,List 3 bands beginning with b from around the world.
841,Bands,List 3 australian rock bands commonly known.
842,Bands,Give 3 examples of classic rock bands commonly known.
843,Bands,Identify 3 heavy metal bands commonly known.
844,Bands,Tell me 3 80s bands commonly known.
845,Bands,What are 3 90s bands commonly known.
846,Bands,Name 3 beatles songs commonly known.
847,Bands,List 3 ac/dc songs commonly known.
848,Bands,Give 3 examples of famous drummers commonly known.
849,Bands,Identify 3 lead singers commonly known.
850,Bands,Tell me 3 bass players commonly known.
851,Bands,What are 3 guitarists commonly known.
852,Bands,Name 3 music festivals commonly known.
853,Bands,List 3 country bands commonly known.
854,Bands,Give 3 examples of pop bands commonly known.
855,Bands,Identify 3 punk bands commonly known.
856,Bands,Tell me 3 grunge bands commonly known.
857,Bands,What are 3 albums commonly known.
858,Bands,Name 3 live venues commonly known.
859,Bands,List 3 one-word band names commonly known.
860,Bands,Give 3 examples of bands beginning with b commonly known.
861,Bands,Give 3 examples of australian rock bands that enthusiasts know.
862,Bands,Identify 3 classic rock bands that enthusiasts know.
863,Bands,Tell me 3 heavy metal bands that enthusiasts know.
864,Bands,What are 3 80s bands that enthusiasts know.
865,Bands,Name 3 90s bands that enthusiasts know.
866,Bands,List 3 beatles songs that enthusiasts know.
867,Bands,Give 3 examples of ac/dc songs that enthusiasts know.
868,Bands,Identify 3 famous drummers that enthusiasts know.
869,Bands,Tell me 3 lead singers that enthusiasts know.
870,Bands,What are 3 bass players that enthusiasts know.
871,Bands,Name 3 guitarists that enthusiasts know.
872,Bands,List 3 music festivals that enthusiasts know.
873,Bands,Give 3 examples of country bands that enthusiasts know.
874,Bands,Identify 3 pop bands that enthusiasts know.
875,Bands,Tell me 3 punk bands that enthusiasts know.
876,Bands,What are 3 grunge bands that enthusiasts know.
877,Bands,Name 3 albums that enthusiasts know.
878,Bands,List 3 live venues that enthusiasts know.
879,Bands,Give 3 examples of one-word band names that enthusiasts know.
880,Bands,Identify 3 bands beginning with b that enthusiasts know.
881,Bands,Identify 3 australian rock bands worth knowing.
882,Bands,Tell me 3 classic rock bands worth knowing.
883,Bands,What are 3 heavy metal bands worth knowing.
884,Bands,Name 3 80s bands worth knowing.
885,Bands,List 3 90s bands worth knowing.
886,Bands,Give 3 examples of beatles songs worth knowing.
887,Bands,Identify 3 ac/dc songs worth knowing.
888,Bands,Tell me 3 famous drummers worth knowing.
889,Bands,What are 3 lead singers worth knowing.
890,Bands,Name 3 bass players worth knowing.
891,Bands,List 3 guitarists worth knowing.
892,Bands,Give 3 examples of music festivals worth knowing.
893,Bands,Identify 3 country bands worth knowing.
894,Bands,Tell me 3 pop bands worth knowing.
895,Bands,What are 3 punk bands worth knowing.
896,Bands,Name 3 grunge bands worth knowing.
897,Bands,List 3 albums worth knowing.
898,Bands,Give 3 examples of live venues worth knowing.
899,Bands,Identify 3 one-word band names worth knowing.
900,Bands,Tell me 3 bands beginning with b worth knowing.
901,General Knowledge,Name 3 planets.
902,General Knowledge,List 3 oceans.
903,General Knowledge,Give 3 examples of australian states.
904,General Knowledge,Identify 3 capital cities.
905,General Knowledge,Tell me 3 countries in europe.
906,General Knowledge,What are 3 birds?
907,General Knowledge,Name 3 mammals.
908,General Knowledge,List 3 trees.
909,General Knowledge,Give 3 examples of chemical elements.
910,General Knowledge,Identify 3 scientists.
911,General Knowledge,Tell me 3 inventors.
912,General Knowledge,What are 3 olympic sports?
913,General Knowledge,Name 3 rivers.
914,General Knowledge,List 3 mountains.
915,General Knowledge,Give 3 examples of languages.
916,General Knowledge,Identify 3 currencies.
917,General Knowledge,Tell me 3 australian landmarks.
918,General Knowledge,What are 3 world wonders?
919,General Knowledge,Name 3 prime ministers of australia.
920,General Knowledge,List 3 australian animals.
921,General Knowledge,Give 3 examples of insects.
922,General Knowledge,Identify 3 dog breeds.
923,General Knowledge,Tell me 3 cat breeds.
924,General Knowledge,What are 3 kitchen appliances?
925,General Knowledge,Name 3 tools.
926,General Knowledge,List 3 fruits.
927,General Knowledge,Give 3 examples of vegetables.
928,General Knowledge,Identify 3 sea creatures.
929,General Knowledge,Tell me 3 board games.
930,General Knowledge,What are 3 card games?
931,General Knowledge,Name 3 world deserts.
932,General Knowledge,List 3 volcanoes.
933,General Knowledge,Give 3 examples of space missions.
934,General Knowledge,Identify 3 famous painters.
935,General Knowledge,Tell me 3 authors.
936,General Knowledge,What are 3 shakespeare plays?
937,General Knowledge,Name 3 dinosaurs.
938,General Knowledge,List 3 constellations.
939,General Knowledge,Give 3 examples of cloud types.
940,General Knowledge,Identify 3 australian towns.
941,General Knowledge,List 3 planets without thinking twice.
942,General Knowledge,Give 3 examples of oceans without thinking twice.
943,General Knowledge,Identify 3 australian states without thinking twice.
944,General Knowledge,Tell me 3 capital cities without thinking twice.
945,General Knowledge,What are 3 countries in europe without thinking twice.
946,General Knowledge,Name 3 birds without thinking twice.
947,General Knowledge,List 3 mammals without thinking twice.
948,General Knowledge,Give 3 examples of trees without thinking twice.
949,General Knowledge,Identify 3 chemical elements without thinking twice.
950,General Knowledge,Tell me 3 scientists without thinking twice.
951,General Knowledge,What are 3 inventors without thinking twice.
952,General Knowledge,Name 3 olympic sports without thinking twice.
953,General Knowledge,List 3 rivers without thinking twice.
954,General Knowledge,Give 3 examples of mountains without thinking twice.
955,General Knowledge,Identify 3 languages without thinking twice.
956,General Knowledge,Tell me 3 currencies without thinking twice.
957,General Knowledge,What are 3 australian landmarks without thinking twice.
958,General Knowledge,Name 3 world wonders without thinking twice.
959,General Knowledge,List 3 prime ministers of australia without thinking twice.
960,General Knowledge,Give 3 examples of australian animals without thinking twice.
961,General Knowledge,Identify 3 insects without thinking twice.
962,General Knowledge,Tell me 3 dog breeds without thinking twice.
963,General Knowledge,What are 3 cat breeds without thinking twice.
964,General Knowledge,Name 3 kitchen appliances without thinking twice.
965,General Knowledge,List 3 tools without thinking twice.
966,General Knowledge,Give 3 examples of fruits without thinking twice.
967,General Knowledge,Identify 3 vegetables without thinking twice.
968,General Knowledge,Tell me 3 sea creatures without thinking twice.
969,General Knowledge,What are 3 board games without thinking twice.
970,General Knowledge,Name 3 card games without thinking twice.
971,General Knowledge,List 3 world deserts without thinking twice.
972,General Knowledge,Give 3 examples of volcanoes without thinking twice.
973,General Knowledge,Identify 3 space missions without thinking twice.
974,General Knowledge,Tell me 3 famous painters without thinking twice.
975,General Knowledge,What are 3 authors without thinking twice.
976,General Knowledge,Name 3 shakespeare plays without thinking twice.
977,General Knowledge,List 3 dinosaurs without thinking twice.
978,General Knowledge,Give 3 examples of constellations without thinking twice.
979,General Knowledge,Identify 3 cloud types without thinking twice.
980,General Knowledge,Tell me 3 australian towns without thinking twice.
981,General Knowledge,Give 3 examples of planets you might see.
982,General Knowledge,Identify 3 oceans you might see.
983,General Knowledge,Tell me 3 australian states you might see.
984,General Knowledge,What are 3 capital cities you might see.
985,General Knowledge,Name 3 countries in europe you might see.
986,General Knowledge,List 3 birds you might see.
987,General Knowledge,Give 3 examples of mammals you might see.
988,General Knowledge,Identify 3 trees you might see.
989,General Knowledge,Tell me 3 chemical elements you might see.
990,General Knowledge,What are 3 scientists you might see.
991,General Knowledge,Name 3 inventors you might see.
992,General Knowledge,List 3 olympic sports you might see.
993,General Knowledge,Give 3 examples of rivers you might see.
994,General Knowledge,Identify 3 mountains you might see.
995,General Knowledge,Tell me 3 languages you might see.
996,General Knowledge,What are 3 currencies you might see.
997,General Knowledge,Name 3 australian landmarks you might see.
998,General Knowledge,List 3 world wonders you might see.
999,General Knowledge,Give 3 examples of prime ministers of australia you might see.
1000,General Knowledge,Identify 3 australian animals you might see.
1001,General Knowledge,Tell me 3 insects you might see.
1002,General Knowledge,What are 3 dog breeds you might see.
1003,General Knowledge,Name 3 cat breeds you might see.
1004,General Knowledge,List 3 kitchen appliances you might see.
1005,General Knowledge,Give 3 examples of tools you might see.
1006,General Knowledge,Identify 3 fruits you might see.
1007,General Knowledge,Tell me 3 vegetables you might see.
1008,General Knowledge,What are 3 sea creatures you might see.
1009,General Knowledge,Name 3 board games you might see.
1010,General Knowledge,List 3 card games you might see.
1011,General Knowledge,Give 3 examples of world deserts you might see.
1012,General Knowledge,Identify 3 volcanoes you might see.
1013,General Knowledge,Tell me 3 space missions you might see.
1014,General Knowledge,What are 3 famous painters you might see.
1015,General Knowledge,Name 3 authors you might see.
1016,General Knowledge,List 3 shakespeare plays you might see.
1017,General Knowledge,Give 3 examples of dinosaurs you might see.
1018,General Knowledge,Identify 3 constellations you might see.
1019,General Knowledge,Tell me 3 cloud types you might see.
1020,General Knowledge,What are 3 australian towns you might see.
1021,General Knowledge,Identify 3 planets you'd recognise.
1022,General Knowledge,Tell me 3 oceans you'd recognise.
1023,General Knowledge,What are 3 australian states you'd recognise.
1024,General Knowledge,Name 3 capital cities you'd recognise.
1025,General Knowledge,List 3 countries in europe you'd recognise.
1026,General Knowledge,Give 3 examples of birds you'd recognise.
1027,General Knowledge,Identify 3 mammals you'd recognise.
1028,General Knowledge,Tell me 3 trees you'd recognise.
1029,General Knowledge,What are 3 chemical elements you'd recognise.
1030,General Knowledge,Name 3 scientists you'd recognise.
1031,General Knowledge,List 3 inventors you'd recognise.
1032,General Knowledge,Give 3 examples of olympic sports you'd recognise.
1033,General Knowledge,Identify 3 rivers you'd recognise.
1034,General Knowledge,Tell me 3 mountains you'd recognise.
1035,General Knowledge,What are 3 languages you'd recognise.
1036,General Knowledge,Name 3 currencies you'd recognise.
1037,General Knowledge,List 3 australian landmarks you'd recognise.
1038,General Knowledge,Give 3 examples of world wonders you'd recognise.
1039,General Knowledge,Identify 3 prime ministers of australia you'd recognise.
1040,General Knowledge,Tell me 3 australian animals you'd recognise.
1041,General Knowledge,What are 3 insects you'd recognise.
1042,General Knowledge,Name 3 dog breeds you'd recognise.
1043,General Knowledge,List 3 cat breeds you'd recognise.
1044,General Knowledge,Give 3 examples of kitchen appliances you'd recognise.
1045,General Knowledge,Identify 3 tools you'd recognise.
1046,General Knowledge,Tell me 3 fruits you'd recognise.
1047,General Knowledge,What are 3 vegetables you'd recognise.
1048,General Knowledge,Name 3 sea creatures you'd recognise.
1049,General Knowledge,List 3 board games you'd recognise.
1050,General Knowledge,Give 3 examples of card games you'd recognise.
1051,General Knowledge,Identify 3 world deserts you'd recognise.
1052,General Knowledge,Tell me 3 volcanoes you'd recognise.
1053,General Knowledge,What are 3 space missions you'd recognise.
1054,General Knowledge,Name 3 famous painters you'd recognise.
1055,General Knowledge,List 3 authors you'd recognise.
1056,General Knowledge,Give 3 examples of shakespeare plays you'd recognise.
1057,General Knowledge,Identify 3 dinosaurs you'd recognise.
1058,General Knowledge,Tell me 3 constellations you'd recognise.
1059,General Knowledge,What are 3 cloud types you'd recognise.
1060,General Knowledge,Name 3 australian towns you'd recognise.
1061,General Knowledge,Tell me 3 planets that are well known.
1062,General Knowledge,What are 3 oceans that are well known.
1063,General Knowledge,Name 3 australian states that are well known.
1064,General Knowledge,List 3 capital cities that are well known.
1065,General Knowledge,Give 3 examples of countries in europe that are well known.
1066,General Knowledge,Identify 3 birds that are well known.
1067,General Knowledge,Tell me 3 mammals that are well known.
1068,General Knowledge,What are 3 trees that are well known.
1069,General Knowledge,Name 3 chemical elements that are well known.
1070,General Knowledge,List 3 scientists that are well known.
1071,General Knowledge,Give 3 examples of inventors that are well known.
1072,General Knowledge,Identify 3 olympic sports that are well known.
1073,General Knowledge,Tell me 3 rivers that are well known.
1074,General Knowledge,What are 3 mountains that are well known.
1075,General Knowledge,Name 3 languages that are well known.
1076,General Knowledge,List 3 currencies that are well known.
1077,General Knowledge,Give 3 examples of australian landmarks that are well known.
1078,General Knowledge,Identify 3 world wonders that are well known.
1079,General Knowledge,Tell me 3 prime ministers of australia that are well known.
1080,General Knowledge,What are 3 australian animals that are well known.
1081,General Knowledge,Name 3 insects that are well known.
1082,General Knowledge,List 3 dog breeds that are well known.
1083,General Knowledge,Give 3 examples of cat breeds that are well known.
1084,General Knowledge,Identify 3 kitchen appliances that are well known.
1085,General Knowledge,Tell me 3 tools that are well known.
1086,General Knowledge,What are 3 fruits that are well known.
1087,General Knowledge,Name 3 vegetables that are well known.
1088,General Knowledge,List 3 sea creatures that are well known.
1089,General Knowledge,Give 3 examples of board games that are well known.
1090,General Knowledge,Identify 3 card games that are well known.
1091,General Knowledge,Tell me 3 world deserts that are well known.
1092,General Knowledge,What are 3 volcanoes that are well known.
1093,General Knowledge,Name 3 space missions that are well known.
1094,General Knowledge,List 3 famous painters that are well known.
1095,General Knowledge,Give 3 examples of authors that are well known.
1096,General Knowledge,Identify 3 shakespeare plays that are well known.
1097,General Knowledge,Tell me 3 dinosaurs that are well known.
1098,General Knowledge,What are 3 constellations that are well known.
1099,General Knowledge,Name 3 cloud types that are well known.
1100,General Knowledge,List 3 australian towns that are well known.
1101,General Knowledge,What are 3 planets from Australia.
1102,General Knowledge,Name 3 oceans from Australia.
1103,General Knowledge,List 3 australian states from Australia.
1104,General Knowledge,Give 3 examples of capital cities from Australia.
1105,General Knowledge,Identify 3 countries in europe from Australia.
1106,General Knowledge,Tell me 3 birds from Australia.
1107,General Knowledge,What are 3 mammals from Australia.
1108,General Knowledge,Name 3 trees from Australia.
1109,General Knowledge,List 3 chemical elements from Australia.
1110,General Knowledge,Give 3 examples of scientists from Australia.
1111,General Knowledge,Identify 3 inventors from Australia.
1112,General Knowledge,Tell me 3 olympic sports from Australia.
1113,General Knowledge,What are 3 rivers from Australia.
1114,General Knowledge,Name 3 mountains from Australia.
1115,General Knowledge,List 3 languages from Australia.
1116,General Knowledge,Give 3 examples of currencies from Australia.
1117,General Knowledge,Identify 3 australian landmarks from Australia.
1118,General Knowledge,Tell me 3 world wonders from Australia.
1119,General Knowledge,What are 3 prime ministers of australia from Australia.
1120,General Knowledge,Name 3 australian animals from Australia.
1121,General Knowledge,List 3 insects from Australia.
1122,General Knowledge,Give 3 examples of dog breeds from Australia.
1123,General Knowledge,Identify 3 cat breeds from Australia.
1124,General Knowledge,Tell me 3 kitchen appliances from Australia.
1125,General Knowledge,What are 3 tools from Australia.
1126,General Knowledge,Name 3 fruits from Australia.
1127,General Knowledge,List 3 vegetables from Australia.
1128,General Knowledge,Give 3 examples of sea creatures from Australia.
1129,General Knowledge,Identify 3 board games from Australia.
1130,General Knowledge,Tell me 3 card games from Australia.
1131,General Knowledge,What are 3 world deserts from Australia.
1132,General Knowledge,Name 3 volcanoes from Australia.
1133,General Knowledge,List 3 space missions from Australia.
1134,General Knowledge,Give 3 examples of famous painters from Australia.
1135,General Knowledge,Identify 3 authors from Australia.
1136,General Knowledge,Tell me 3 shakespeare plays from Australia.
1137,General Knowledge,What are 3 dinosaurs from Australia.
1138,General Knowledge,Name 3 constellations from Australia.
1139,General Knowledge,List 3 cloud types from Australia.
1140,General Knowledge,Give 3 examples of australian towns from Australia.
1141,General Knowledge,Name 3 planets from around the world.
1142,General Knowledge,List 3 oceans from around the world.
1143,General Knowledge,Give 3 examples of australian states from around the world.
1144,General Knowledge,Identify 3 capital cities from around the world.
1145,General Knowledge,Tell me 3 countries in europe from around the world.
1146,General Knowledge,What are 3 birds from around the world.
1147,General Knowledge,Name 3 mammals from around the world.
1148,General Knowledge,List 3 trees from around the world.
1149,General Knowledge,Give 3 examples of chemical elements from around the world.
1150,General Knowledge,Identify 3 scientists from around the world.
1151,General Knowledge,Tell me 3 inventors from around the world.
1152,General Knowledge,What are 3 olympic sports from around the world.
1153,General Knowledge,Name 3 rivers from around the world.
1154,General Knowledge,List 3 mountains from around the world.
1155,General Knowledge,Give 3 examples of languages from around the world.
1156,General Knowledge,Identify 3 currencies from around the world.
1157,General Knowledge,Tell me 3 australian landmarks from around the world.
1158,General Knowledge,What are 3 world wonders from around the world.
1159,General Knowledge,Name 3 prime ministers of australia from around the world.
1160,General Knowledge,List 3 australian animals from around the world.
1161,General Knowledge,Give 3 examples of insects from around the world.
1162,General Knowledge,Identify 3 dog breeds from around the world.
1163,General Knowledge,Tell me 3 cat breeds from around the world.
1164,General Knowledge,What are 3 kitchen appliances from around the world.
1165,General Knowledge,Name 3 tools from around the world.
1166,General Knowledge,List 3 fruits from around the world.
1167,General Knowledge,Give 3 examples of vegetables from around the world.
1168,General Knowledge,Identify 3 sea creatures from around the world.
1169,General Knowledge,Tell me 3 board games from around the world.
1170,General Knowledge,What are 3 card games from around the world.
1171,General Knowledge,Name 3 world deserts from around the world.
1172,General Knowledge,List 3 volcanoes from around the world.
1173,General Knowledge,Give 3 examples of space missions from around the world.
1174,General Knowledge,Identify 3 famous painters from around the world.
1175,General Knowledge,Tell me 3 authors from around the world.
1176,General Knowledge,What are 3 shakespeare plays from around the world.
1177,General Knowledge,Name 3 dinosaurs from around the world.
1178,General Knowledge,List 3 constellations from around the world.
1179,General Knowledge,Give 3 examples of cloud types from around the world.
1180,General Knowledge,Identify 3 australian towns from around the world.
1181,General Knowledge,List 3 planets commonly known.
1182,General Knowledge,Give 3 examples of oceans commonly known.
1183,General Knowledge,Identify 3 australian states commonly known.
1184,General Knowledge,Tell me 3 capital cities commonly known.
1185,General Knowledge,What are 3 countries in europe commonly known.
1186,General Knowledge,Name 3 birds commonly known.
1187,General Knowledge,List 3 mammals commonly known.
1188,General Knowledge,Give 3 examples of trees commonly known.
1189,General Knowledge,Identify 3 chemical elements commonly known.
1190,General Knowledge,Tell me 3 scientists commonly known.
1191,General Knowledge,What are 3 inventors commonly known.
1192,General Knowledge,Name 3 olympic sports commonly known.
1193,General Knowledge,List 3 rivers commonly known.
1194,General Knowledge,Give 3 examples of mountains commonly known.
1195,General Knowledge,Identify 3 languages commonly known.
1196,General Knowledge,Tell me 3 currencies commonly known.
1197,General Knowledge,What are 3 australian landmarks commonly known.
1198,General Knowledge,Name 3 world wonders commonly known.
1199,General Knowledge,List 3 prime ministers of australia commonly known.
1200,General Knowledge,Give 3 examples of australian animals commonly known.
1201,General Knowledge,Identify 3 insects commonly known.
1202,General Knowledge,Tell me 3 dog breeds commonly known.
1203,General Knowledge,What are 3 cat breeds commonly known.
1204,General Knowledge,Name 3 kitchen appliances commonly known.
1205,General Knowledge,List 3 tools commonly known.
1206,General Knowledge,Give 3 examples of fruits commonly known.
1207,General Knowledge,Identify 3 vegetables commonly known.
1208,General Knowledge,Tell me 3 sea creatures commonly known.
1209,General Knowledge,What are 3 board games commonly known.
1210,General Knowledge,Name 3 card games commonly known.
1211,General Knowledge,List 3 world deserts commonly known.
1212,General Knowledge,Give 3 examples of volcanoes commonly known.
1213,General Knowledge,Identify 3 space missions commonly known.
1214,General Knowledge,Tell me 3 famous painters commonly known.
1215,General Knowledge,What are 3 authors commonly known.
1216,General Knowledge,Name 3 shakespeare plays commonly known.
1217,General Knowledge,List 3 dinosaurs commonly known.
1218,General Knowledge,Give 3 examples of constellations commonly known.
1219,General Knowledge,Identify 3 cloud types commonly known.
1220,General Knowledge,Tell me 3 australian towns commonly known.
1221,General Knowledge,Give 3 examples of planets that enthusiasts know.
1222,General Knowledge,Identify 3 oceans that enthusiasts know.
1223,General Knowledge,Tell me 3 australian states that enthusiasts know.
1224,General Knowledge,What are 3 capital cities that enthusiasts know.
1225,General Knowledge,Name 3 countries in europe that enthusiasts know.
1226,General Knowledge,List 3 birds that enthusiasts know.
1227,General Knowledge,Give 3 examples of mammals that enthusiasts know.
1228,General Knowledge,Identify 3 trees that enthusiasts know.
1229,General Knowledge,Tell me 3 chemical elements that enthusiasts know.
1230,General Knowledge,What are 3 scientists that enthusiasts know.
1231,General Knowledge,Name 3 inventors that enthusiasts know.
1232,General Knowledge,List 3 olympic sports that enthusiasts know.
1233,General Knowledge,Give 3 examples of rivers that enthusiasts know.
1234,General Knowledge,Identify 3 mountains that enthusiasts know.
1235,General Knowledge,Tell me 3 languages that enthusiasts know.
1236,General Knowledge,What are 3 currencies that enthusiasts know.
1237,General Knowledge,Name 3 australian landmarks that enthusiasts know.
1238,General Knowledge,List 3 world wonders that enthusiasts know.
1239,General Knowledge,Give 3 examples of prime ministers of australia that enthusiasts know.
1240,General Knowledge,Identify 3 australian animals that enthusiasts know.
1241,General Knowledge,Tell me 3 insects that enthusiasts know.
1242,General Knowledge,What are 3 dog breeds that enthusiasts know.
1243,General Knowledge,Name 3 cat breeds that enthusiasts know.
1244,General Knowledge,List 3 kitchen appliances that enthusiasts know.
1245,General Knowledge,Give 3 examples of tools that enthusiasts know.
1246,General Knowledge,Identify 3 fruits that enthusiasts know.
1247,General Knowledge,Tell me 3 vegetables that enthusiasts know.
1248,General Knowledge,What are 3 sea creatures that enthusiasts know.
1249,General Knowledge,Name 3 board games that enthusiasts know.
1250,General Knowledge,List 3 card games that enthusiasts know.
1251,General Knowledge,Give 3 examples of world deserts that enthusiasts know.
1252,General Knowledge,Identify 3 volcanoes that enthusiasts know.
1253,General Knowledge,Tell me 3 space missions that enthusiasts know.
1254,General Knowledge,What are 3 famous painters that enthusiasts know.
1255,General Knowledge,Name 3 authors that enthusiasts know.
1256,General Knowledge,List 3 shakespeare plays that enthusiasts know.
1257,General Knowledge,Give 3 examples of dinosaurs that enthusiasts know.
1258,General Knowledge,Identify 3 constellations that enthusiasts know.
1259,General Knowledge,Tell me 3 cloud types that enthusiasts know.
1260,General Knowledge,What are 3 australian towns that enthusiasts know.
1261,General Knowledge,Identify 3 planets worth knowing.
1262,General Knowledge,Tell me 3 oceans worth knowing.
1263,General Knowledge,What are 3 australian states worth knowing.
1264,General Knowledge,Name 3 capital cities worth knowing.
1265,General Knowledge,List 3 countries in europe worth knowing.
1266,General Knowledge,Give 3 examples of birds worth knowing.
1267,General Knowledge,Identify 3 mammals worth knowing.
1268,General Knowledge,Tell me 3 trees worth knowing.
1269,General Knowledge,What are 3 chemical elements worth knowing.
1270,General Knowledge,Name 3 scientists worth knowing.
1271,General Knowledge,List 3 inventors worth knowing.
1272,General Knowledge,Give 3 examples of olympic sports worth knowing.
1273,General Knowledge,Identify 3 rivers worth knowing.
1274,General Knowledge,Tell me 3 mountains worth knowing.
1275,General Knowledge,What are 3 languages worth knowing.
1276,General Knowledge,Name 3 currencies worth knowing.
1277,General Knowledge,List 3 australian landmarks worth knowing.
1278,General Knowledge,Give 3 examples of world wonders worth knowing.
1279,General Knowledge,Identify 3 prime ministers of australia worth knowing.
1280,General Knowledge,Tell me 3 australian animals worth knowing.
1281,General Knowledge,What are 3 insects worth knowing.
1282,General Knowledge,Name 3 dog breeds worth knowing.
1283,General Knowledge,List 3 cat breeds worth knowing.
1284,General Knowledge,Give 3 examples of kitchen appliances worth knowing.
1285,General Knowledge,Identify 3 tools worth knowing.
1286,General Knowledge,Tell me 3 fruits worth knowing.
1287,General Knowledge,What are 3 vegetables worth knowing.
1288,General Knowledge,Name 3 sea creatures worth knowing.
1289,General Knowledge,List 3 board games worth knowing.
1290,General Knowledge,Give 3 examples of card games worth knowing.
1291,General Knowledge,Identify 3 world deserts worth knowing.
1292,General Knowledge,Tell me 3 volcanoes worth knowing.
1293,General Knowledge,What are 3 space missions worth knowing.
1294,General Knowledge,Name 3 famous painters worth knowing.
1295,General Knowledge,List 3 authors worth knowing.
1296,General Knowledge,Give 3 examples of shakespeare plays worth knowing.
1297,General Knowledge,Identify 3 dinosaurs worth knowing.
1298,General Knowledge,Tell me 3 constellations worth knowing.
1299,General Knowledge,What are 3 cloud types worth knowing.
1300,General Knowledge,Name 3 australian towns worth knowing.
